,ID,Population,Location,Taxon,CL,CorneaA,EyestalkW,Cornea.EW,CorneaW,CorneaA.EW.CL,CorneaW.EW,CorneaW.EW.CL,EyestalkLength,Crest Angle,Concave Angle,Eyestalk Gap,MaCPropodusL,MaCPropodusH,MaCCarpusL,MaCCarpusH,MaCPollexH,MaCDactylH,MaCPollexDactyl Gap,MaCCleftWidth,MaCPropodusL.CL,MaCPropodusL.PropodusH,MaCCleftWidth.CL,MaCPropodusH.CL,MaCCarpuL.CL,MaCCarpusH.CL,MaCPollexH.CL,MaCDactyl.CL,MaCGap.CL,WL1PollexH,WL1DactylH,WL1PropodusL,WL1CarpusH,WL1CarpusPropodusGap,WL1CarpusL,WL1CarpusA,WL1MerusH,WL1HairL,WL1PollexH.DactylH,WL1PropodusL.CL,WL1CarpusH.CL,WL1Gap.CL,WL1MerusH.CL,WL1HairL.CL,WL1PollexH.DactylH.CL,MiCPropodusL,MiCPropodusH,MiCCarpusH,MiCCarpusL,MiCDactylH,MiCPollexH,MiCMerusH,MiCPropodusL.CL,MiCPropodusH.CL,MiCCarpusH.CL,MiCCarpusL.CL,MiCDactylH.CL,MiCPollexH.CL,MiCMerusH.CL,WL2PropodusL,WL2PropodusH,WL2PollexL,WL2PollexW,WL2CarpusW,WL2CarpusL,WL2MerusW,WL2PropodusL.CL,PropodusH.CL,WL2PollexL.CL,WL2PollexW.CL,WL2CarpusW.CL,WL2CarpusL.CL,MerusW.CL
1,A1,EstGigas,Estuary,N. gigas,37.314,0.184,2.543,0.072355486,0.463,0.001939098,0.182068423,0.00487936,4.577,131.265,169.239,1.516,NA,NA,NA,NA,NA,NA,NA,NA,NA,NA,NA,NA,NA,NA,NA,NA,NA,3.212,2.366,6.783,5.605,0.848,10.005,39.552,5.057,8.836,1.357565511,0.181781637,0.150211717,0.022726055,0.13552554,0.236801201,0.036382203,14.647,5.723,5.964,17.392,3.025,2.827,4.787,0.392533633,0.153374069,0.159832771,0.466098515,0.081068768,0.075762448,0.12828965,9.594,4.871,3.808,1.886,5.146,9.495,3.433,0.257115292,0.130540816,0.102052849,0.050544032,0.137910704,0.254462132,0.092003002
2,A3,EstGigas,Estuary,N. gigas,27.013,0.364,2.213,0.164482603,0.517,0.006089017,0.233619521,0.008648411,4.44,147.315,138.18,0.909,NA,NA,NA,NA,NA,NA,NA,NA,NA,NA,NA,NA,NA,NA,NA,NA,NA,2.685,2.278,6.7,5.241,1.161,9.165,44.947,4.695,7.554,1.178665496,0.248028727,0.194017695,0.042979306,0.173805205,0.279643135,0.043633269,13.55,5.604,6.269,15.077,2.213,2.152,5.57,0.501610336,0.207455669,0.232073446,0.558138674,0.081923518,0.079665346,0.206197016,8.555,3.914,3.332,1.275,4.585,8.309,3.807,0.316699367,0.1448932,0.123348018,0.047199497,0.169733091,0.307592641,0.140932144
3,A4,EstGigas,Estuary,N. gigas,32.607,0.268,2.532,0.105845182,0.479,0.003246088,0.189178515,0.005801776,4.889,132.016,166.446,NA,17.503,9.168,11.324,9.334,3.514,0.701,0,1.205,0.53678658,1.909140489,0.036955255,0.281166621,0.347287392,0.286257552,0.107768271,0.021498451,0,2.815,2.316,5.571,5.869,1.169,9.13,42.019,5.225,9.288,1.215457686,0.170852884,0.179992026,0.035851198,0.160241666,0.284846812,0.037275974,12.081,5.295,6.143,14.315,1.852,2.008,5.303,0.370503266,0.162388444,0.18839513,0.439016162,0.05679762,0.061581869,0.16263379,NA,NA,NA,NA,NA,NA,NA,NA,NA,NA,NA,NA,NA,NA
4,A5,EstGigas,Estuary,N. gigas,14.651,0.27,2.333,0.115730819,0.483,0.007899175,0.207029576,0.014130747,3.93,127.825,155.472,1.03,16.716,9.213,10.344,8.611,3.276,3.376,0,0.406,1.140946011,1.814392706,0.027711419,0.628830797,0.706026892,0.587741451,0.223602484,0.230427957,0,2.66,2.127,7.041,4.884,0.834,8.398,50.226,4.553,8.766,1.250587682,0.48058153,0.333356085,0.056924442,0.31076377,0.598320934,0.08535852,12.16,4.536,NA,NA,2.323,1.803,NA,0.829977476,0.30960344,0,0,0.15855573,0.123063272,0,NA,NA,NA,NA,NA,NA,NA,NA,NA,NA,NA,NA,NA,NA
5,A6,EstGigas,Estuary,N. gigas,24.872,0.249,2.379,0.104665826,0.426,0.004208179,0.179066835,0.007199535,4.48,117.35,163.998,1.065,NA,NA,NA,NA,NA,NA,NA,NA,NA,NA,NA,NA,NA,NA,NA,NA,NA,4.383,2.558,9.338,7.017,1.19,NA,NA,NA,NA,1.713448006,0.375442264,0.282124477,0.047844966,NA,NA,0.06889064,15.36,5.869,6.506,18.005,3.019,2.282,6.048,0.617561917,0.235968157,0.261579286,0.723906401,0.121381473,0.091749759,0.243165005,11.67,5.881,4.529,1.992,4.976,9.586,4.794,0.469202316,0.236450627,0.182092313,0.080090061,0.200064329,0.385413316,0.192746864
6,A7,EstGigas,Estuary,N. gigas,37.309,0.365,2.748,0.132823872,0.519,0.003560103,0.188864629,0.005062173,4.631,125.16,148.995,1.041,NA,NA,NA,NA,NA,NA,NA,NA,NA,NA,NA,NA,NA,NA,NA,NA,NA,3.702,2.388,8.357,6.375,0.941,NA,NA,NA,NA,1.550251256,0.223994211,0.170870299,0.025221796,NA,NA,0.04155167,15.969,5.402,NA,NA,3.322,2.15,NA,0.428020049,0.144790801,0,0,0.089040178,0.057626846,0,11.211,5.489,4.268,2.095,5.916,NA,NA,0.300490498,0.147122678,0.11439599,0.056152671,0.158567638,NA,NA
7,A9,EstGigas,Estuary,N. gigas,29.348,0.178,1.973,0.090217942,0.32,0.003074075,0.162189559,0.005526426,4.758,127.666,144.462,1.803,NA,NA,NA,NA,NA,NA,NA,NA,NA,NA,NA,NA,NA,NA,NA,NA,NA,2.379,2.29,5.76,4.767,0.669,7.735,43.878,4.376,NA,1.038864629,0.196265504,0.162430149,0.02279542,0.149107265,NA,0.035398141,10.813,4.376,4.717,12.235,1.661,1.837,4.069,0.36844078,0.149107265,0.160726455,0.416893826,0.056596702,0.062593703,0.138646586,8.597,3.767,3.062,1.572,4.377,7.272,2.989,0.292933079,0.128356276,0.104334197,0.053564127,0.149141338,0.247785198,0.101846804
8,A12,EstGigas,Estuary,Probably gigas,10.189,0.147,0.953,0.154249738,0.331,0.01513885,0.347324239,0.034088158,1.939,133.239,170.983,0.368,6.668,4.303,5.381,4.383,1.385,1.923,0,0,0.654431249,1.549616547,0,0.422318186,0.528118559,0.430169791,0.135930906,0.188732947,0,0.998,0.848,3.076,1.807,0.365,3.98,41.051,1.83,4.581,1.176886792,0.3018942,0.177348121,0.035822946,0.179605457,0.449602513,0.115505623,5.778,2.294,2.321,5.75,1.148,0.956,NA,0.567082147,0.225144764,0.227794681,0.564334086,0.112670527,0.093826676,0,3.789,2.042,2.203,0.575,1.904,3.503,1.638,0.371871626,0.200412209,0.216213564,0.056433409,0.186868191,0.34380214,0.160761606
9,A14,EstGigas,Estuary,Uncertain,8.484,0.137,0.875,0.156571429,0.249,0.018454907,0.284571429,0.03354213,1.338,122.809,154.774,0.231,NA,NA,NA,NA,NA,NA,NA,NA,NA,NA,NA,NA,NA,NA,NA,NA,NA,NA,NA,NA,NA,NA,NA,NA,NA,NA,NA,NA,NA,NA,NA,NA,NA,NA,NA,NA,NA,NA,NA,NA,NA,NA,NA,NA,NA,NA,NA,NA,NA,NA,NA,NA,NA,NA,NA,NA,NA,NA,NA,NA,NA
10,A15,EstGigas,Estuary,N. gigas,12.358,0.279,1.065,0.261971831,0.451,0.021198562,0.423474178,0.03426721,2.082,124.175,164.727,0.707,10.603,5.246,6.352,5.136,1.877,2.351,0,0.497,0.857986729,2.021158978,0.040216864,0.424502347,0.513999029,0.41560123,0.151885418,0.190241139,0,1.56,1.106,4.024,2.607,0.456,4.787,44.837,2.317,4.534,1.410488246,0.325619032,0.210956465,0.036899175,0.187489885,0.366887846,0.114135641,7.054,2.464,2.618,7.929,1.016,1.225,NA,0.570804337,0.199385014,0.211846577,0.641608675,0.08221395,0.099126072,0,NA,NA,NA,NA,NA,NA,NA,NA,NA,NA,NA,NA,NA,NA
11,A11,EstGigas,Estuary,Probably gigas,5.473,0.136,0.735,0.185034014,0.328,0.033808517,0.446258503,0.081538188,1.037,148.978,153.65,0.263,NA,NA,NA,NA,NA,NA,NA,NA,NA,NA,NA,NA,NA,NA,NA,NA,NA,NA,NA,NA,NA,NA,NA,NA,NA,NA,NA,NA,NA,NA,NA,NA,NA,NA,NA,NA,NA,NA,NA,NA,NA,NA,NA,NA,NA,NA,NA,2.432,1.212,0.676,0.45,1.191,2.069,0.821,0.444363238,0.221450758,0.123515439,0.082221816,0.21761374,0.378037639,0.150009136
12,A16,EstGigas,Estuary,Uncertain,9.529,0.4,1.94,0.206185567,0.644,0.021637692,0.331958763,0.034836684,2.625,114.939,154.719,0.504,6.07,3.319,3.636,3.076,1.333,1.601,0,0.251,0.799525817,1.828864116,0.033061117,0.437170706,0.478925184,0.40516333,0.175579557,0.210879874,0,0.718,0.844,2.881,1.601,0.336,3.584,41.933,1.59,4.414,0.8507109,0.302340225,0.168013433,0.035260783,0.166859062,0.463217546,0.089275989,4.856,2.031,2.243,5.497,1.053,0.825,NA,0.509602267,0.213138839,0.235386714,0.576870606,0.110504775,0.086577815,NA,NA,NA,NA,NA,NA,NA,NA,NA,NA,NA,NA,NA,NA,NA
13,A74,EstGigas,Estuary,N. gigas,19.416,0.26,1.314,0.197869102,0.442,0.010191033,0.336377473,0.017324757,NA,NA,NA,NA,NA,NA,NA,NA,NA,NA,NA,NA,NA,NA,NA,NA,NA,NA,NA,NA,NA,NA,NA,NA,NA,NA,NA,NA,NA,NA,NA,NA,NA,NA,NA,NA,NA,NA,NA,NA,NA,NA,NA,NA,NA,NA,NA,NA,NA,NA,NA,NA,NA,NA,NA,NA,NA,NA,NA,NA,NA,NA,NA,NA,NA
14,A57,EstGigas,Estuary,N. gigas,26.841,0.563,2.379,0.236654056,0.531,0.008816887,0.223203026,0.008315749,NA,NA,NA,NA,NA,NA,NA,NA,NA,NA,NA,NA,NA,NA,NA,NA,NA,NA,NA,NA,NA,NA,NA,NA,NA,NA,NA,NA,NA,NA,NA,NA,NA,NA,NA,NA,NA,NA,NA,NA,NA,NA,NA,NA,NA,NA,NA,NA,NA,NA,NA,NA,NA,NA,NA,NA,NA,NA,NA,NA,NA,NA,NA,NA,NA
15,A58,EstGigas,Estuary,N. gigas,26.131,0.291,2.162,0.134597595,0.418,0.005150878,0.1933395,0.007398856,NA,NA,NA,NA,NA,NA,NA,NA,NA,NA,NA,NA,NA,NA,NA,NA,NA,NA,NA,NA,NA,NA,NA,NA,NA,NA,NA,NA,NA,NA,NA,NA,NA,NA,NA,NA,NA,NA,NA,NA,NA,NA,NA,NA,NA,NA,NA,NA,NA,NA,NA,NA,NA,NA,NA,NA,NA,NA,NA,NA,NA,NA,NA,NA,NA
16,A60,EstGigas,Estuary,N. gigas,25.18,0.239,1.866,0.128081458,0.62,0.005086635,0.332261522,0.013195454,NA,NA,NA,NA,NA,NA,NA,NA,NA,NA,NA,NA,NA,NA,NA,NA,NA,NA,NA,NA,NA,NA,NA,NA,NA,NA,NA,NA,NA,NA,NA,NA,NA,NA,NA,NA,NA,NA,NA,NA,NA,NA,NA,NA,NA,NA,NA,NA,NA,NA,NA,NA,NA,NA,NA,NA,NA,NA,NA,NA,NA,NA,NA,NA,NA
17,A62,EstGigas,Estuary,N. gigas,27.62,0.24,1.908,0.125786164,0.454,0.00455417,0.237945493,0.008614971,NA,NA,NA,NA,NA,NA,NA,NA,NA,NA,NA,NA,NA,NA,NA,NA,NA,NA,NA,NA,NA,NA,NA,NA,NA,NA,NA,NA,NA,NA,NA,NA,NA,NA,NA,NA,NA,NA,NA,NA,NA,NA,NA,NA,NA,NA,NA,NA,NA,NA,NA,NA,NA,NA,NA,NA,NA,NA,NA,NA,NA,NA,NA,NA,NA
18,A63,EstGigas,Estuary,N. gigas,22.234,0.316,1.705,0.185337243,0.422,0.008335758,0.247507331,0.01113193,NA,NA,NA,NA,NA,NA,NA,NA,NA,NA,NA,NA,NA,NA,NA,NA,NA,NA,NA,NA,NA,NA,NA,NA,NA,NA,NA,NA,NA,NA,NA,NA,NA,NA,NA,NA,NA,NA,NA,NA,NA,NA,NA,NA,NA,NA,NA,NA,NA,NA,NA,NA,NA,NA,NA,NA,NA,NA,NA,NA,NA,NA,NA,NA,NA
19,A65,EstGigas,Estuary,N. gigas,29.159,0.153,1.839,0.08319739,0.478,0.002853232,0.259923872,0.008914019,NA,NA,NA,NA,NA,NA,NA,NA,NA,NA,NA,NA,NA,NA,NA,NA,NA,NA,NA,NA,NA,NA,NA,NA,NA,NA,NA,NA,NA,NA,NA,NA,NA,NA,NA,NA,NA,NA,NA,NA,NA,NA,NA,NA,NA,NA,NA,NA,NA,NA,NA,NA,NA,NA,NA,NA,NA,NA,NA,NA,NA,NA,NA,NA,NA
20,A66,EstGigas,Estuary,N. gigas,24.821,0.293,1.819,0.161077515,0.359,0.006489566,0.197361187,0.007951379,NA,NA,NA,NA,NA,NA,NA,NA,NA,NA,NA,NA,NA,NA,NA,NA,NA,NA,NA,NA,NA,NA,NA,NA,NA,NA,NA,NA,NA,NA,NA,NA,NA,NA,NA,NA,NA,NA,NA,NA,NA,NA,NA,NA,NA,NA,NA,NA,NA,NA,NA,NA,NA,NA,NA,NA,NA,NA,NA,NA,NA,NA,NA,NA,NA
21,A67,EstGigas,Estuary,N. gigas,24.379,0.332,2.132,0.155722326,0.471,0.00638756,0.220919325,0.00906187,NA,NA,NA,NA,NA,NA,NA,NA,NA,NA,NA,NA,NA,NA,NA,NA,NA,NA,NA,NA,NA,NA,NA,NA,NA,NA,NA,NA,NA,NA,NA,NA,NA,NA,NA,NA,NA,NA,NA,NA,NA,NA,NA,NA,NA,NA,NA,NA,NA,NA,NA,NA,NA,NA,NA,NA,NA,NA,NA,NA,NA,NA,NA,NA,NA
22,A68,EstGigas,Estuary,N. gigas,19.898,0.205,1.857,0.110393107,0.462,0.00554795,0.248788368,0.012503185,NA,NA,NA,NA,NA,NA,NA,NA,NA,NA,NA,NA,NA,NA,NA,NA,NA,NA,NA,NA,NA,NA,NA,NA,NA,NA,NA,NA,NA,NA,NA,NA,NA,NA,NA,NA,NA,NA,NA,NA,NA,NA,NA,NA,NA,NA,NA,NA,NA,NA,NA,NA,NA,NA,NA,NA,NA,NA,NA,NA,NA,NA,NA,NA,NA
23,A70,EstGigas,Estuary,N. gigas,28.874,0.242,2.375,0.101894737,0.456,0.003528944,0.192,0.006649581,NA,NA,NA,NA,NA,NA,NA,NA,NA,NA,NA,NA,NA,NA,NA,NA,NA,NA,NA,NA,NA,NA,NA,NA,NA,NA,NA,NA,NA,NA,NA,NA,NA,NA,NA,NA,NA,NA,NA,NA,NA,NA,NA,NA,NA,NA,NA,NA,NA,NA,NA,NA,NA,NA,NA,NA,NA,NA,NA,NA,NA,NA,NA,NA,NA
24,A71,EstGigas,Estuary,N. gigas,20.178,0.232,1.704,0.136150235,0.363,0.006747459,0.213028169,0.010557447,NA,NA,NA,NA,NA,NA,NA,NA,NA,NA,NA,NA,NA,NA,NA,NA,NA,NA,NA,NA,NA,NA,NA,NA,NA,NA,NA,NA,NA,NA,NA,NA,NA,NA,NA,NA,NA,NA,NA,NA,NA,NA,NA,NA,NA,NA,NA,NA,NA,NA,NA,NA,NA,NA,NA,NA,NA,NA,NA,NA,NA,NA,NA,NA,NA
25,A72,EstGigas,Estuary,N. gigas,26.837,0.363,2.267,0.160123511,0.394,0.005966521,0.173797971,0.006476058,NA,NA,NA,NA,NA,NA,NA,NA,NA,NA,NA,NA,NA,NA,NA,NA,NA,NA,NA,NA,NA,NA,NA,NA,NA,NA,NA,NA,NA,NA,NA,NA,NA,NA,NA,NA,NA,NA,NA,NA,NA,NA,NA,NA,NA,NA,NA,NA,NA,NA,NA,NA,NA,NA,NA,NA,NA,NA,NA,NA,NA,NA,NA,NA,NA
26,A77,EstGigas,Estuary,N. gigas,17.75,0.39,1.741,0.22400919,0.499,0.012620236,0.286616887,0.01614743,NA,NA,NA,NA,NA,NA,NA,NA,NA,NA,NA,NA,NA,NA,NA,NA,NA,NA,NA,NA,NA,NA,NA,NA,NA,NA,NA,NA,NA,NA,NA,NA,NA,NA,NA,NA,NA,NA,NA,NA,NA,NA,NA,NA,NA,NA,NA,NA,NA,NA,NA,NA,NA,NA,NA,NA,NA,NA,NA,NA,NA,NA,NA,NA,NA
27,A78,EstGigas,Estuary,N. gigas,21.198,0.262,1.625,0.161230769,0.381,0.007605943,0.234461538,0.01106055,NA,NA,NA,NA,NA,NA,NA,NA,NA,NA,NA,NA,NA,NA,NA,NA,NA,NA,NA,NA,NA,NA,NA,NA,NA,NA,NA,NA,NA,NA,NA,NA,NA,NA,NA,NA,NA,NA,NA,NA,NA,NA,NA,NA,NA,NA,NA,NA,NA,NA,NA,NA,NA,NA,NA,NA,NA,NA,NA,NA,NA,NA,NA,NA,NA
28,A79,EstGigas,Estuary,N. gigas,17.296,0.203,1.586,0.127994956,0.646,0.007400263,0.407313997,0.023549607,NA,NA,NA,NA,NA,NA,NA,NA,NA,NA,NA,NA,NA,NA,NA,NA,NA,NA,NA,NA,NA,NA,NA,NA,NA,NA,NA,NA,NA,NA,NA,NA,NA,NA,NA,NA,NA,NA,NA,NA,NA,NA,NA,NA,NA,NA,NA,NA,NA,NA,NA,NA,NA,NA,NA,NA,NA,NA,NA,NA,NA,NA,NA,NA,NA
29,A81,EstGigas,Estuary,N. gigas,14.143,0.224,1.449,0.154589372,0.48,0.010930451,0.33126294,0.023422396,NA,NA,NA,NA,NA,NA,NA,NA,NA,NA,NA,NA,NA,NA,NA,NA,NA,NA,NA,NA,NA,NA,NA,NA,NA,NA,NA,NA,NA,NA,NA,NA,NA,NA,NA,NA,NA,NA,NA,NA,NA,NA,NA,NA,NA,NA,NA,NA,NA,NA,NA,NA,NA,NA,NA,NA,NA,NA,NA,NA,NA,NA,NA,NA,NA
30,A8,EstGigas,Estuary,N. gigas,19.26,0.227,2.545,0.089194499,0.362,0.004631075,0.142239686,0.007385238,NA,NA,NA,NA,NA,NA,NA,NA,NA,NA,NA,NA,NA,NA,NA,NA,NA,NA,NA,NA,NA,NA,NA,NA,NA,NA,NA,NA,NA,NA,NA,NA,NA,NA,NA,NA,NA,NA,NA,NA,NA,NA,NA,NA,NA,NA,NA,NA,NA,NA,NA,9.883,4.535,3.46,1.751,4.943,7.678,3.643,0.340147995,0.15608329,0.119084495,0.060265015,0.170125624,0.264257443,0.125382895
31,A2,EstGigas,Estuary,N. gigas,15.19,0.25,2.293,0.109027475,0.451,0.007177582,0.196685565,0.012948358,NA,NA,NA,NA,NA,NA,NA,NA,NA,NA,NA,NA,NA,NA,NA,NA,NA,NA,NA,NA,NA,NA,NA,NA,NA,NA,NA,NA,NA,NA,NA,NA,NA,NA,NA,NA,NA,14.386,5.004,5.364,16.281,2.34,2.565,5.194,0.440558584,0.153243094,0.164267777,0.498591291,0.07166044,0.078550867,0.159061677,NA,NA,NA,NA,NA,NA,NA,NA,NA,NA,NA,NA,NA,NA
32,A75,EstGigas,Estuary,N. gigas,NA,0.264,1.578,0.16730038,0.425,NA,0.269328264,NA,NA,NA,NA,NA,NA,NA,NA,NA,NA,NA,NA,NA,NA,NA,NA,NA,NA,NA,NA,NA,NA,NA,NA,NA,NA,NA,NA,NA,NA,NA,NA,NA,NA,NA,NA,NA,NA,NA,NA,NA,NA,NA,NA,NA,NA,NA,NA,NA,NA,NA,NA,NA,NA,NA,NA,NA,NA,NA,NA,NA,NA,NA,NA,NA,NA
33,A10,EstGigas,Estuary,N. gigas,8.333,NA,NA,NA,NA,NA,NA,NA,NA,NA,NA,NA,18.401,8.652,10.523,7.859,3.196,3.631,0,0.621,2.208208328,2.126791493,0.074522981,1.038281531,1.262810512,0.943117725,0.383535341,0.435737429,0,3.101,1.917,6.577,5.12,1.084,7.219,49.418,4.312,7.857,1.617631716,0.789271571,0.614424577,0.130085203,0.517460698,0.942877715,0.194123571,NA,NA,NA,NA,NA,NA,NA,NA,NA,NA,NA,NA,NA,NA,8.391,4.021,2.582,1.096,4.463,7.607,3.518,1.006960278,0.482539302,0.309852394,0.131525261,0.535581423,0.912876515,0.422176887
34,B3,Offshore,Offshore,Probably gigas,17.656,0.319,1.522,0.209592641,0.527,0.011870902,0.346254928,0.019611176,2.78,122.57,168.69,0.977,NA,NA,NA,NA,NA,NA,NA,NA,NA,NA,NA,NA,NA,NA,NA,NA,NA,1.689,5.581,3.847,0.885,6.894,51.023,3.274,5.792,NA,0.316096511,0.217886271,0.050124604,0.185432714,0.328047123,0,NA,9.566,3.037,3.006,9.734,1.642,1.276,3.269,0.541798822,0.172009515,0.170253738,0.551314001,0.092999547,0.07227005,0.185149524,6.872,3.546,3.277,1.541,3.239,5.364,2.557,0.38921613,0.200838242,0.185602628,0.087279112,0.183450385,0.303806072,0.14482329
35,B4,Offshore,Offshore,Probably gigas,16.882,0.311,1.188,0.261784512,0.57,0.015506724,0.47979798,0.028420684,2.104,102.113,161.839,0.541,NA,NA,NA,NA,NA,NA,NA,NA,NA,NA,NA,NA,NA,NA,NA,NA,NA,1.481,4.939,3.125,NA,6.022,47.437,2.931,6.329,1.173531398,0.292560123,0.185108399,NA,0.17361687,0.374896339,0.069513766,NA,NA,NA,NA,NA,NA,NA,NA,NA,NA,NA,NA,NA,NA,NA,5.918,2.591,2.742,1.085,3.163,5.518,2.144,0.350550883,0.153477076,0.162421514,0.064269636,0.187359318,0.326857007,0.126999171
36,B13,Offshore,Offshore,Probably gigas,22.939,0.351,1.546,0.227037516,0.552,0.009897446,0.357050453,0.015565214,2.547,112.268,154.344,0.771,23.066,11.219,19.695,9.848,3.991,4.654,0.418,1.933,1.005536423,2.055976468,0.084266969,0.489079733,0.858581455,0.429312525,0.173983173,0.202885915,0.018222242,1.425,5.429,3.845,0.795,6.174,44.459,3.464,8.474,1.641403509,0.236671171,0.167618466,0.034657134,0.151009198,0.369414534,0.071555147,NA,9.733,3.79,3.883,11.35,1.78,1.547,NA,0.424299228,0.165220803,0.169275034,0.494790531,0.077597105,0.067439731,NA,NA,NA,NA,NA,NA,NA,NA,NA,NA,NA,NA,NA,NA,NA
37,B15,Offshore,Offshore,Probably gigas,21.422,0.368,1.885,0.195225464,0.513,0.009113316,0.272148541,0.012704161,3.179,145.26,154.894,0.911,18.335,8.61,16.663,8.5,4.524,3.501,0,1.653,0.855895808,2.129500581,0.077163664,0.401923256,0.777845206,0.396788348,0.211184763,0.163430119,0,1.58,5.635,4.032,0.705,7.485,45.996,3.48,6.789,1.660126582,0.263047335,0.18821772,0.032910092,0.162449818,0.316917188,0.077496339,NA,10.771,3.853,3.019,9.14,1.99,1.662,2.631,0.502800859,0.179861824,0.140929885,0.426664177,0.092895155,0.077583792,0.122817664,7.414,4.067,3.159,1.366,3.82,6.639,2.666,0.346092802,0.189851554,0.147465223,0.063766222,0.178321352,0.309915041,0.124451498
38,B19,Offshore,Offshore,Probably gigas,19.17,0.344,1.798,0.191323693,0.599,0.00998037,0.333147942,0.017378609,2.331,128.66,151.504,1.113,21.573,11.601,16.568,11.225,4.363,4.603,0,1.637,1.125352113,1.859581071,0.085393845,0.605164319,0.864267084,0.585550339,0.227595201,0.240114763,0,1.652,6.313,4.516,0.979,7.728,52.995,3.984,7.999,1.51937046,0.329316641,0.235576421,0.051069379,0.207824726,0.417266562,0.079257718,NA,11.194,3.167,4.176,12.858,1.732,1.422,3.962,0.583933229,0.165206051,0.217840376,0.670735524,0.090349504,0.074178404,0.2066771,NA,NA,NA,NA,NA,NA,NA,NA,NA,NA,NA,NA,NA,NA
39,B33,Offshore,Offshore,Probably gigas,25.104,0.399,1.656,0.240942029,0.601,0.009597755,0.362922705,0.014456768,3.298,134.897,172.441,1.123,24.908,11.78,20.877,10.143,4.026,5.761,0.992,2.242,0.992192479,2.114431239,0.089308477,0.469247929,0.831620459,0.404039197,0.160372849,0.229485341,0.039515615,1.748,7.106,4.884,0.799,8.722,46.669,4.201,9.775,1.482837529,0.28306246,0.194550669,0.031827597,0.16734385,0.389380178,0.059067779,NA,11.849,3.339,3.679,12.889,1.734,1.313,4.216,0.471996495,0.133006692,0.146550351,0.513424156,0.069072658,0.052302422,0.167941364,8.38,4.4,2.993,1.456,4.113,7.942,3.157,0.333811345,0.175270873,0.119224028,0.057998725,0.163838432,0.316363926,0.125756851
40,B23,Offshore,Offshore,Probably gigas,17.788,0.479,1.552,0.308634021,NA,0.017350687,NA,NA,3.26,117.999,165.142,1.006,17.763,10.02,12.511,9.806,3.709,4.21,0,1.329,0.998594558,1.772754491,0.07471329,0.563301102,0.70333933,0.551270519,0.208511356,0.236676411,0,1.761,6.333,4.456,0.876,8.013,56.277,3.9,3.848,1.412833617,0.356026535,0.250505959,0.049246683,0.219248932,0.216325613,0.079426221,NA,10.892,3.518,2.862,12.282,1.61,1.614,3.523,0.612322914,0.19777378,0.160894985,0.690465482,0.090510456,0.090735327,0.198054868,NA,NA,NA,NA,NA,NA,NA,NA,NA,NA,NA,NA,NA,NA
41,B25,Offshore,Offshore,Probably gigas,18.334,0.286,1.775,0.161126761,0.638,0.008788413,0.35943662,0.019604921,2.737,120.717,142.626,1.229,NA,NA,NA,NA,NA,NA,NA,NA,NA,NA,NA,NA,NA,NA,NA,NA,NA,1.794,5.081,3.537,0.918,5.579,64.455,2.866,5.855,1.109810479,0.277135377,0.192920257,0.050070907,0.156321588,0.319352024,0.060532916,NA,6.361,1.494,1.79,6.163,0.996,0.976,2.397,0.34695102,0.081487946,0.097632813,0.336151413,0.054325297,0.053234428,0.1307407,6.788,3.493,2.562,1.256,3.288,6.278,2.63,0.370241082,0.190520345,0.139740373,0.0685066,0.179338933,0.342423912,0.143449329
42,B26,Offshore,Offshore,Probably gigas,9.123,0.262,0.998,0.26252505,0.546,0.028776176,0.547094188,0.059968671,1.055,127.352,156.472,0.564,NA,NA,NA,NA,NA,NA,NA,NA,NA,NA,NA,NA,NA,NA,NA,NA,NA,NA,NA,NA,NA,NA,NA,NA,NA,NA,NA,NA,NA,NA,NA,NA,NA,6.301,1.854,1.992,6.667,0.912,0.778,2.154,0.690671928,0.203222624,0.218349227,0.73079031,0.099967116,0.085278965,0.236106544,NA,NA,NA,NA,NA,NA,NA,NA,NA,NA,NA,NA,NA,NA
43,B30,Offshore,Offshore,Probably gigas,9.771,0.244,0.846,0.288416076,0.462,0.02951756,0.546099291,0.055889806,1.45,107.155,154.613,0.583,NA,NA,NA,NA,NA,NA,NA,NA,NA,NA,NA,NA,NA,NA,NA,NA,NA,1.279,0.87,3.525,2.106,0.405,3.873,46.361,2.02,4.218,1.470114943,0.360761437,0.215535769,0.041449186,0.206734213,0.4316856,0.150456959,NA,NA,NA,NA,NA,NA,NA,NA,NA,NA,NA,NA,NA,NA,NA,NA,NA,NA,NA,NA,NA,NA,NA,NA,NA,NA,NA,NA
44,B31,Offshore,Offshore,Probably gigas,23.395,0.445,1.706,0.26084408,0.665,0.011149565,0.389800703,0.01666171,3.292,171.312,175.342,1.307,NA,NA,NA,NA,NA,NA,NA,NA,NA,NA,NA,NA,NA,NA,NA,NA,NA,NA,NA,NA,NA,NA,NA,NA,NA,NA,NA,NA,NA,NA,NA,NA,NA,11.191,4.216,NA,NA,2.241,1.858,NA,0.478350075,0.180209446,NA,NA,0.095789699,0.079418679,NA,8.355,4.357,3.524,1.438,3.876,7.372,3.001,0.357127591,0.186236375,0.150630477,0.061466125,0.165676427,0.315110066,0.128275272
45,B36.01,Offshore,Offshore,Probably gigas,20.19,0.314,1.405,0.223487544,0.556,0.01106922,0.395729537,0.019600274,2.823,124.466,171.554,0.929,20.254,10.752,14.588,10.329,3.854,4.865,0.514,1.013,1.003169886,1.88374256,0.050173353,0.532540862,0.722535909,0.511589896,0.190886578,0.240960872,0.025458148,2.044,1.521,5.455,3.934,0.611,6.585,39.131,3.448,7.591,1.343852728,0.270183259,0.194848935,0.030262506,0.170777613,0.375978207,0.066560313,9.98,2.95,3.284,12.395,1.222,1.532,3.482,0.494304111,0.146111937,0.16265478,0.613917781,0.060525012,0.075879148,0.172461615,7.306,3.573,2.625,1.127,4.031,6.953,2.65,0.4236305,0.207176537,0.152207783,0.653478748,0.233733171,0.403162177,0.153657381
46,B36,Offshore,Offshore,Probably gigas,19.567,0.379,1.308,0.289755352,0.535,0.014808369,0.409021407,0.020903634,2.5,118.072,146.424,1.201,NA,NA,NA,NA,NA,NA,NA,NA,NA,NA,NA,NA,NA,NA,NA,NA,NA,NA,NA,NA,NA,NA,NA,NA,NA,NA,NA,NA,NA,NA,NA,NA,NA,NA,NA,NA,NA,NA,NA,NA,NA,NA,NA,NA,NA,NA,NA,6.783,3.445,2.671,1.083,3.318,6.245,2.373,0.346655083,0.176061737,0.136505341,0.05534829,0.169571217,0.31915981,0.121275617
47,B39,Offshore,Offshore,Probably gigas,22.68,0.38,1.593,0.238543628,0.563,0.010517797,0.353421218,0.015582946,3.061,124.329,170.55,0.954,NA,NA,NA,NA,NA,NA,NA,NA,NA,NA,NA,NA,NA,NA,NA,NA,NA,2.129,1.418,5.922,3.691,0.563,7.483,37.862,NA,NA,1.501410437,0.261111111,0.162742504,0.024823633,NA,NA,0.066199755,NA,NA,NA,NA,NA,NA,NA,NA,NA,NA,NA,NA,NA,NA,6.77,3.69,2.685,1.22,3.545,6.098,2.492,0.298500882,0.162698413,0.118386243,0.053791887,0.156305115,0.268871252,0.109876543
48,B27,Offshore,Offshore,Probably gigas,6.435,0.222,0.98,0.226530612,0.634,0.035202892,0.646938776,0.100534386,1.082,119.055,142.725,0.514,NA,NA,NA,NA,NA,NA,NA,NA,NA,NA,NA,NA,NA,NA,NA,NA,NA,1.173,0.769,3.117,1.943,0.374,4.066,40.892,1.87,4.439,1.525357607,0.484382284,0.301942502,0.058119658,0.290598291,0.68982129,0.237040809,5.48,1.543,1.881,6.562,0.754,0.578,1.82,0.851592852,0.23978244,0.292307692,1.01973582,0.117171717,0.08982129,0.282828283,NA,NA,NA,NA,NA,NA,NA,NA,NA,NA,NA,NA,NA,NA
49,B28,Offshore,Offshore,Probably gigas,18.893,0.27,1.686,0.160142349,0.607,0.00847628,0.360023725,0.019055932,2.095,129.52,172.319,0.88,11.547,6.155,6.732,5.742,1.814,2.729,0.458,0.525,0.611178743,1.876035743,0.02778807,0.325782036,0.356322447,0.303922088,0.096014397,0.144445033,0.024241783,1.967,1.352,4.905,3.566,0.695,6.117,47.383,3.068,6.44,1.454881657,0.259619965,0.188747155,0.036786111,0.162388186,0.340866988,0.077006386,9.287,2.761,3.042,5.963,1.354,1.16,1.857,0.49155772,0.146138782,0.161012015,0.315619542,0.071666755,0.061398402,0.098290372,NA,NA,NA,NA,NA,NA,NA,NA,NA,NA,NA,NA,NA,NA
50,B29,Offshore,Offshore,Probably gigas,5.428,0.131,0.568,0.230633803,0.349,0.042489647,0.61443662,0.113197609,0.867,119.961,163.922,0.274,7.599,4.415,5.18,4.166,1.471,2.21,0,0.331,1.399963154,1.721177803,0.060980103,0.813375092,0.95431098,0.767501842,0.271002211,0.407148121,0,1.318,0.966,3.41,2.13,0.399,3.962,50.159,NA,NA,1.364389234,0.628224024,0.392409727,0.073507738,NA,NA,0.251361318,3.055,1.183,1.296,2.932,0.478,0.435,0.516,0.562822402,0.217943994,0.238761975,0.540162122,0.088061901,0.080140015,0.095062638,NA,NA,NA,NA,NA,NA,NA,NA,NA,NA,NA,NA,NA,NA
51,B107,Offshore,Offshore,Probably gigas,24.098,0.513,1.772,0.289503386,0.658,0.012013586,0.371331828,0.015409238,3.283,117.589,154.183,0.681,24.453,11.888,18.396,11.624,4.008,6.748,0.42,1.157,1.014731513,2.056948183,0.048012283,0.493318948,0.763382853,0.482363682,0.166320857,0.280023238,0.017428832,2.596,1.596,6.457,4.375,0.727,7.923,41.834,3.903,5.139,1.626566416,0.267947548,0.181550336,0.030168479,0.161963648,0.213254212,0.067497984,NA,NA,NA,NA,NA,NA,NA,NA,NA,NA,NA,NA,NA,NA,8.036,4.105,2.872,1.334,3.826,6.686,2.876,0.333471657,0.170346087,0.119180015,0.055357291,0.158768363,0.277450411,0.119346004
52,B40,Offshore,Offshore,Probably gigas,21.351,0.34,1.867,0.182110337,0.642,0.008529359,0.343867167,0.016105436,NA,NA,NA,NA,NA,NA,NA,NA,NA,NA,NA,NA,NA,NA,NA,NA,NA,NA,NA,NA,NA,NA,NA,NA,NA,NA,NA,NA,NA,NA,NA,NA,NA,NA,NA,NA,NA,NA,NA,NA,NA,NA,NA,NA,NA,NA,NA,NA,NA,NA,NA,NA,NA,NA,NA,NA,NA,NA,NA,NA,NA,NA,NA,NA,NA
53,B42,Offshore,Offshore,Probably gigas,20.769,0.441,1.806,0.244186047,0.725,0.011757237,0.401439646,0.01932879,NA,NA,NA,NA,NA,NA,NA,NA,NA,NA,NA,NA,NA,NA,NA,NA,NA,NA,NA,NA,NA,NA,NA,NA,NA,NA,NA,NA,NA,NA,NA,NA,NA,NA,NA,NA,NA,NA,NA,NA,NA,NA,NA,NA,NA,NA,NA,NA,NA,NA,NA,NA,NA,NA,NA,NA,NA,NA,NA,NA,NA,NA,NA,NA,NA
54,B55,Offshore,Offshore,Probably gigas,16.544,0.453,1.461,0.310061602,0.676,0.018741635,0.462696783,0.027967649,NA,NA,NA,NA,NA,NA,NA,NA,NA,NA,NA,NA,NA,NA,NA,NA,NA,NA,NA,NA,NA,NA,NA,NA,NA,NA,NA,NA,NA,NA,NA,NA,NA,NA,NA,NA,NA,NA,NA,NA,NA,NA,NA,NA,NA,NA,NA,NA,NA,NA,NA,NA,NA,NA,NA,NA,NA,NA,NA,NA,NA,NA,NA,NA,NA
55,B61,Offshore,Offshore,Probably gigas,19.258,0.458,1.466,0.312414734,0.678,0.016222595,0.462482947,0.024015108,NA,NA,NA,NA,NA,NA,NA,NA,NA,NA,NA,NA,NA,NA,NA,NA,NA,NA,NA,NA,NA,NA,NA,NA,NA,NA,NA,NA,NA,NA,NA,NA,NA,NA,NA,NA,NA,NA,NA,NA,NA,NA,NA,NA,NA,NA,NA,NA,NA,NA,NA,NA,NA,NA,NA,NA,NA,NA,NA,NA,NA,NA,NA,NA,NA
56,B62,Offshore,Offshore,Probably gigas,22.063,0.442,1.749,0.252715838,0.693,0.011454283,0.396226415,0.017958864,NA,NA,NA,NA,NA,NA,NA,NA,NA,NA,NA,NA,NA,NA,NA,NA,NA,NA,NA,NA,NA,NA,NA,NA,NA,NA,NA,NA,NA,NA,NA,NA,NA,NA,NA,NA,NA,NA,NA,NA,NA,NA,NA,NA,NA,NA,NA,NA,NA,NA,NA,NA,NA,NA,NA,NA,NA,NA,NA,NA,NA,NA,NA,NA,NA
57,B66,Offshore,Offshore,Probably gigas,13.743,0.364,1.378,0.264150943,0.568,0.019220763,0.412191582,0.029992839,NA,NA,NA,NA,NA,NA,NA,NA,NA,NA,NA,NA,NA,NA,NA,NA,NA,NA,NA,NA,NA,NA,NA,NA,NA,NA,NA,NA,NA,NA,NA,NA,NA,NA,NA,NA,NA,NA,NA,NA,NA,NA,NA,NA,NA,NA,NA,NA,NA,NA,NA,NA,NA,NA,NA,NA,NA,NA,NA,NA,NA,NA,NA,NA,NA
58,B78,Offshore,Offshore,Probably gigas,21.365,0.488,1.722,0.283391405,0.617,0.013264283,0.358304297,0.01677062,NA,NA,NA,NA,NA,NA,NA,NA,NA,NA,NA,NA,NA,NA,NA,NA,NA,NA,NA,NA,NA,NA,NA,NA,NA,NA,NA,NA,NA,NA,NA,NA,NA,NA,NA,NA,NA,NA,NA,NA,NA,NA,NA,NA,NA,NA,NA,NA,NA,NA,NA,NA,NA,NA,NA,NA,NA,NA,NA,NA,NA,NA,NA,NA,NA
59,B82,Offshore,Offshore,Probably gigas,22.258,0.372,1.745,0.213180516,0.671,0.009577703,0.384527221,0.017275911,NA,NA,NA,NA,NA,NA,NA,NA,NA,NA,NA,NA,NA,NA,NA,NA,NA,NA,NA,NA,NA,NA,NA,NA,NA,NA,NA,NA,NA,NA,NA,NA,NA,NA,NA,NA,NA,NA,NA,NA,NA,NA,NA,NA,NA,NA,NA,NA,NA,NA,NA,NA,NA,NA,NA,NA,NA,NA,NA,NA,NA,NA,NA,NA,NA
60,B83,Offshore,Offshore,Probably gigas,22.301,0.27,1.942,0.139031926,0.622,0.006234336,0.320288363,0.014362063,NA,NA,NA,NA,NA,NA,NA,NA,NA,NA,NA,NA,NA,NA,NA,NA,NA,NA,NA,NA,NA,NA,NA,NA,NA,NA,NA,NA,NA,NA,NA,NA,NA,NA,NA,NA,NA,NA,NA,NA,NA,NA,NA,NA,NA,NA,NA,NA,NA,NA,NA,NA,NA,NA,NA,NA,NA,NA,NA,NA,NA,NA,NA,NA,NA
61,B84,Offshore,Offshore,Probably gigas,8.801,0.211,1.749,0.120640366,0.953,0.013707575,0.54488279,0.061911463,NA,NA,NA,NA,NA,NA,NA,NA,NA,NA,NA,NA,NA,NA,NA,NA,NA,NA,NA,NA,NA,1.254,1.108,3.578,2.131,0.266,4.855,40.972,NA,NA,1.131768953,0.347378641,0.206893204,0.025825243,NA,NA,0.109880481,NA,NA,NA,NA,NA,NA,NA,NA,NA,NA,NA,NA,NA,NA,NA,NA,NA,NA,NA,NA,NA,NA,NA,NA,NA,NA,NA,NA
62,B85,Offshore,Offshore,Probably gigas,5.648,0.147,0.611,0.240589198,0.384,0.042597238,0.628477905,0.111274417,NA,NA,NA,NA,NA,NA,NA,NA,NA,NA,NA,NA,NA,NA,NA,NA,NA,NA,NA,NA,NA,NA,NA,NA,NA,NA,NA,NA,NA,NA,NA,NA,NA,NA,NA,NA,NA,NA,NA,NA,NA,NA,NA,NA,NA,NA,NA,NA,NA,NA,NA,NA,NA,NA,NA,NA,NA,NA,NA,NA,NA,NA,NA,NA,NA
63,B180,Offshore,Offshore,Probably gigas,21.356,0.302,1.815,0.166391185,0.565,0.007791309,0.311294766,0.014576455,NA,NA,NA,NA,NA,NA,NA,NA,NA,NA,NA,NA,NA,NA,NA,NA,NA,NA,NA,NA,NA,NA,NA,NA,NA,NA,NA,NA,NA,NA,NA,NA,NA,NA,NA,NA,NA,NA,NA,NA,NA,NA,NA,NA,NA,NA,NA,NA,NA,NA,NA,NA,NA,NA,NA,NA,NA,NA,NA,NA,NA,NA,NA,NA,NA
64,B181,Offshore,Offshore,Probably gigas,25.073,0.332,1.892,0.175475687,0.637,0.006998592,0.336680761,0.013428021,NA,NA,NA,NA,NA,NA,NA,NA,NA,NA,NA,NA,NA,NA,NA,NA,NA,NA,NA,NA,NA,NA,NA,NA,NA,NA,NA,NA,NA,NA,NA,NA,NA,NA,NA,NA,NA,NA,NA,NA,NA,NA,NA,NA,NA,NA,NA,NA,NA,NA,NA,NA,NA,NA,NA,NA,NA,NA,NA,NA,NA,NA,NA,NA,NA
65,B183,Offshore,Offshore,Probably gigas,19.466,0.443,1.705,0.259824047,0.74,0.013347583,0.434017595,0.022296188,NA,NA,NA,NA,NA,NA,NA,NA,NA,NA,NA,NA,NA,NA,NA,NA,NA,NA,NA,NA,NA,NA,NA,NA,NA,NA,NA,NA,NA,NA,NA,NA,NA,NA,NA,NA,NA,NA,NA,NA,NA,NA,NA,NA,NA,NA,NA,NA,NA,NA,NA,NA,NA,NA,NA,NA,NA,NA,NA,NA,NA,NA,NA,NA,NA
66,B49,Offshore,Offshore,Probably gigas,16.296,NA,NA,NA,NA,NA,NA,NA,NA,NA,NA,NA,10.976,6.265,6.685,5.692,2.356,2.748,0,0.306,0.673539519,1.751955307,0.018777614,0.384450172,0.410223368,0.349288169,0.144575356,0.168630339,0,NA,NA,NA,NA,NA,NA,NA,NA,NA,NA,NA,NA,NA,NA,NA,NA,NA,NA,NA,NA,NA,NA,NA,NA,NA,NA,NA,NA,NA,NA,NA,NA,NA,NA,NA,NA,NA,NA,NA,NA,NA,NA,NA,NA
67,B47,Offshore,Offshore,Probably gigas,21.447,NA,NA,NA,NA,NA,NA,NA,NA,NA,NA,NA,17.861,9.637,13.369,10.053,3.338,3.444,0,0.773,0.832797128,1.853377607,0.036042337,0.449340234,0.623350585,NA,0.155639483,0.1605819,0,NA,NA,NA,NA,NA,NA,NA,NA,NA,NA,NA,NA,NA,NA,NA,NA,NA,NA,NA,NA,NA,NA,NA,NA,NA,NA,NA,NA,NA,NA,7.405,3.126,1.452,1.452,3.806,7.104,2.593,0.345269735,0.145754651,0.067701776,0.067701776,0.177460717,0.331235138,0.12090269
68,B54,Offshore,Offshore,Probably gigas,16.911,NA,NA,NA,NA,NA,NA,NA,NA,NA,NA,NA,16.908,8.981,12.742,7.311,2.938,3.607,0.213,0.851,0.999822601,1.882641131,0.050322275,0.531074449,0.75347407,0.432322157,0.173733073,0.213293123,0.012595352,NA,NA,NA,NA,NA,NA,NA,NA,NA,NA,NA,NA,NA,NA,NA,NA,NA,NA,NA,NA,NA,NA,NA,NA,NA,NA,NA,NA,NA,NA,6.565,2.901,2.247,1.259,3.101,6.304,2.359,0.388208858,0.171545148,0.132872095,0.074448584,0.18337177,0.372775117,0.139495003
69,C18,EstCaliforniensis,Estuary,N. californiensis,12.164,0.196,1.014,0.193293886,NA,0.015890652,NA,NA,2.07,130.564,167.227,0.668,10.966,8.274,8.653,8.314,2.082,3.383,1.289,1.208,0.90151266,1.325356539,0.099309438,0.68020388,0.711361394,0.683492272,0.171160802,0.278115751,0.105968431,1.357,1.295,3.68,2.364,0.325,5.277,41.267,2.117,4.525,1.047876448,0.302532062,0.194343966,0.026718185,0.174038145,0.371999342,0.086145713,6.471,2.696,2.641,7.302,1.312,1.222,2.351,0.531979612,0.221637619,0.21711608,0.600295955,0.107859257,0.100460375,0.193275238,4.837,2.536,1.866,0.869,2.244,4.362,1.858,0.3976488,0.208484051,0.153403486,0.071440316,0.18447879,0.358599145,0.152745807
70,C19,EstCaliforniensis,Estuary,N. californiensis,14.581,0.227,1.263,0.1797308,NA,0.01232637,NA,NA,2.385,135.162,168.538,0.451,NA,NA,NA,NA,NA,NA,NA,NA,NA,NA,NA,NA,NA,NA,NA,NA,NA,1.449,1.295,4.47,2.665,0.42,5.929,40.943,2.4,5.547,1.118918919,0.306563336,0.182772101,0.028804609,0.164597764,0.380426583,0.076738147,7.06,3.517,3.702,8.767,1.513,1.343,2.972,0.484191756,0.241204307,0.253892051,0.601261916,0.103765174,0.092106166,0.203826898,6.087,2.968,2.063,0.97,2.891,5.524,2.254,0.417461079,0.203552568,0.141485495,0.06652493,0.198271723,0.378849187,0.154584734
71,C20,EstCaliforniensis,Estuary,N. californiensis,13.11,0.126,1.374,0.091703057,NA,0.006994894,NA,NA,2.388,136.518,161.682,0.323,11.243,8.923,8.925,9.013,2.768,3.217,0,1.071,0.857589626,1.260002241,0.081693364,0.680625477,0.680778032,0.687490465,0.211136537,0.245385202,0,1.353,1.151,3.847,2.341,0.329,5.804,35.609,2.396,5.6,1.175499566,0.293440122,0.17856598,0.025095347,0.182761251,0.427154844,0.089664345,6.68,2.845,2.96,7.625,1.398,1.265,3.011,0.509534706,0.217009916,0.225781846,0.581617086,0.106636156,0.096491228,0.229672006,4.798,2.62,2.544,0.978,2.517,4.899,2.126,0.365980168,0.199847445,0.194050343,0.074599542,0.191990847,0.373684211,0.162166285
72,C34,EstCaliforniensis,Estuary,N. californiensis,3.413,0.082,0.441,0.185941043,NA,0.054480235,NA,NA,0.615,109.167,142.548,0.133,NA,NA,NA,NA,NA,NA,NA,NA,NA,NA,NA,NA,NA,NA,NA,NA,NA,0.341,0.293,1.073,0.591,0.073,1.245,44.53,0.616,1.404,1.163822526,0.314386171,0.173161442,0.021388808,0.180486376,0.411368298,0.340996931,NA,NA,NA,NA,NA,NA,NA,NA,NA,NA,NA,NA,NA,NA,NA,NA,NA,NA,NA,NA,NA,NA,NA,NA,NA,NA,NA,NA
73,C27,EstCaliforniensis,Estuary,N. californiensis,8.392,0.169,0.814,0.207616708,NA,0.024739836,NA,NA,1.398,125.249,178.889,0.208,6.924,3.917,4.569,4.188,1.099,1.4,0,0.265,33.28846154,1.767679346,1.274038462,18.83173077,21.96634615,20.13461538,5.283653846,6.730769231,0,0.703,0.839,2.474,1.414,0.178,3.26,38.572,1.328,4.258,0.837902265,0.294804576,0.168493804,0.021210677,0.158245949,0.507387989,0.09984536,NA,NA,NA,NA,NA,NA,NA,NA,NA,NA,NA,NA,NA,NA,3.144,1.687,1.468,0.277,1.587,2.814,1.226,0.374642517,0.201024786,0.174928503,0.033007626,0.189108675,0.335319352,0.146091516
74,C28,EstCaliforniensis,Estuary,N. californiensis,9.033,0.157,1.1,0.142727273,NA,0.01580065,NA,NA,1.789,140.382,150.202,0.371,6.878,3.809,5.343,3.731,1.451,1.121,0,0.285,18.53908356,1.805723287,0.76819407,10.26684636,14.40161725,10.05660377,3.911051213,3.021563342,0,0.926,0.913,2.814,1.765,0.233,4.009,40.642,1.645,4.342,1.014238773,0.31152441,0.195394664,0.25161987,0.182110041,0.480681944,0.112281498,5.462,2.041,2.168,5.741,0.987,0.835,1.63,0.604671759,0.225949297,0.240008856,0.635558508,0.109266025,0.092438835,0.180449463,3.449,1.843,1.728,0.384,1.815,3.113,1.376,0.381822207,0.204029669,0.191298572,0.042510794,0.200929924,0.344625263,0.152330344
75,C88,EstCaliforniensis,Estuary,N. californiensis,10.1,0.34,1.085,0.313364055,0.507,0.031026144,0.467281106,0.046265456,2.225,124.33,170.744,0.667,NA,NA,NA,NA,NA,NA,NA,NA,NA,NA,NA,NA,NA,NA,NA,NA,NA,NA,NA,NA,NA,NA,NA,NA,NA,NA,NA,NA,NA,NA,NA,NA,NA,NA,NA,NA,NA,NA,NA,NA,NA,NA,NA,NA,NA,NA,NA,4.666,2.439,2.076,1.217,2.16,4.439,1.823,0.461980198,0.241485149,0.205544554,0.12049505,0.213861386,0.43950495,0.18049505
76,C85,EstCaliforniensis,Estuary,N. californiensis,7.4,0.15,0.754,0.198938992,0.414,0.026883648,0.549071618,0.074198867,1.297,117.96,168.945,0.326,NA,NA,NA,NA,NA,NA,NA,NA,NA,NA,NA,NA,NA,NA,NA,NA,NA,0.936,0.576,2.247,1.333,0.55,3.023,49.796,NA,NA,1.625,0.303648649,0.180135135,0.074324324,NA,NA,0.219594595,NA,NA,NA,NA,NA,NA,NA,NA,NA,NA,NA,NA,NA,NA,NA,NA,NA,NA,NA,NA,NA,NA,NA,NA,NA,NA,NA,NA
77,C76,EstCaliforniensis,Estuary,N. californiensis,17.018,0.222,1.529,0.145192937,0.634,0.008531727,0.414650098,0.024365384,2.55,113.361,NA,1.209,NA,NA,NA,NA,NA,NA,NA,NA,NA,NA,NA,NA,NA,NA,NA,NA,NA,1.906,1.305,5.1,3.227,0.742,6.575,75.775,NA,NA,1.460536398,0.299682689,0.189622752,0.043600893,NA,NA,0.085823034,10.13,4.24,4.488,10.292,1.675,1.577,3.374,0.993137255,0.415686275,0.44,1.009019608,0.164215686,0.154607843,0.330784314,6.846,3.771,2.914,1.333,3.428,6.322,2.976,0.402279939,0.221588906,0.171230462,0.078328828,0.201433776,0.371489012,0.174873663
78,C22,EstCaliforniensis,Estuary,N. californiensis,9,0.128,0.956,0.133891213,0.342,0.014876801,0.357740586,0.039748954,1.521,141.936,179.777,0.216,NA,NA,NA,NA,NA,NA,NA,NA,NA,NA,NA,NA,NA,NA,NA,NA,NA,1.09,0.927,2.841,2.008,0.443,4.464,35.705,NA,NA,1.17583603,0.315666667,0.223111111,0.049222222,NA,NA,0.130648448,NA,NA,NA,NA,NA,NA,NA,NA,NA,NA,NA,NA,NA,NA,3.782,1.996,1.496,0.736,1.909,3.806,1.52,0.420222222,0.221777778,0.166222222,0.081777778,0.212111111,0.422888889,0.168888889
79,C21,EstCaliforniensis,Estuary,N. californiensis,11.1,0.182,0.939,0.193823216,0.468,0.017461551,0.498402556,0.044901131,1.685,131.791,159.697,0.501,NA,NA,NA,NA,NA,NA,NA,NA,NA,NA,NA,NA,NA,NA,NA,NA,NA,NA,NA,NA,NA,NA,NA,NA,NA,NA,NA,NA,NA,NA,NA,NA,NA,NA,NA,NA,NA,NA,NA,NA,NA,NA,NA,NA,NA,NA,NA,NA,NA,NA,NA,NA,NA,NA,NA,NA,NA,NA,NA,NA,NA
80,C35,EstCaliforniensis,Estuary,N. californiensis,7.4,0.164,0.732,0.224043716,0.46,0.030276178,0.628415301,0.084920987,1.194,116.437,178.716,0.222,NA,NA,NA,NA,NA,NA,NA,NA,NA,NA,NA,NA,NA,NA,NA,NA,NA,NA,NA,NA,NA,NA,NA,NA,NA,NA,NA,NA,NA,NA,NA,NA,NA,NA,NA,NA,NA,NA,NA,NA,NA,NA,NA,NA,NA,NA,NA,NA,NA,NA,NA,NA,NA,NA,NA,NA,NA,NA,NA,NA,NA
81,C23,EstCaliforniensis,Estuary,N. californiensis,9.3,0.187,1.095,0.170776256,0.44,0.018363038,0.401826484,0.043207149,1.891,140.37,177.192,0.298,NA,NA,NA,NA,NA,NA,NA,NA,NA,NA,NA,NA,NA,NA,NA,NA,NA,NA,NA,NA,NA,NA,NA,NA,NA,NA,NA,NA,NA,NA,NA,NA,NA,NA,NA,NA,NA,NA,NA,NA,NA,NA,NA,NA,NA,NA,NA,NA,NA,NA,NA,NA,NA,NA,NA,NA,NA,NA,NA,NA,NA
82,C25,EstCaliforniensis,Estuary,N. californiensis,8.4,0.137,0.895,0.153072626,0.383,0.018222932,0.427932961,0.0509444,1.428,137.079,174.897,0.368,NA,NA,NA,NA,NA,NA,NA,NA,NA,NA,NA,NA,NA,NA,NA,NA,NA,NA,NA,NA,NA,NA,NA,NA,NA,NA,NA,NA,NA,NA,NA,NA,NA,NA,NA,NA,NA,NA,NA,NA,NA,NA,NA,NA,NA,NA,NA,NA,NA,NA,NA,NA,NA,NA,NA,NA,NA,NA,NA,NA,NA
83,C32,EstCaliforniensis,Estuary,N. californiensis,8.2,0.153,0.652,0.234662577,0.383,0.028617387,0.587423313,0.071636989,1.386,130.508,175.159,0.238,NA,NA,NA,NA,NA,NA,NA,NA,NA,NA,NA,NA,NA,NA,NA,NA,NA,1.046,0.628,2.498,1.608,0.344,3.253,48.972,NA,NA,1.665605096,0.304634146,0.196097561,0.04195122,NA,NA,0.203122573,4.614,1.785,1.879,4.853,0.812,0.696,1.65,0.562682927,0.217682927,0.229146341,0.591829268,0.09902439,0.084878049,0.201219512,NA,NA,NA,NA,NA,NA,NA,NA,NA,NA,NA,NA,NA,NA
84,C31,EstCaliforniensis,Estuary,N. californiensis,10.4,0.163,1.082,0.15064695,0.42,0.014485284,0.388170055,0.037324044,1.748,131.499,173.804,0.423,NA,NA,NA,NA,NA,NA,NA,NA,NA,NA,NA,NA,NA,NA,NA,NA,NA,NA,NA,NA,NA,NA,NA,NA,NA,NA,NA,NA,NA,NA,NA,NA,NA,NA,NA,NA,NA,NA,NA,NA,NA,NA,NA,NA,NA,NA,NA,NA,NA,NA,NA,NA,NA,NA,NA,NA,NA,NA,NA,NA,NA
85,C84,EstCaliforniensis,Estuary,N. californiensis,10.3,0.143,1.234,0.115883306,0.417,0.011250806,0.337925446,0.032808296,1.77,129.951,162.923,0.41,NA,NA,NA,NA,NA,NA,NA,NA,NA,NA,NA,NA,NA,NA,NA,NA,NA,NA,NA,NA,NA,NA,NA,NA,NA,NA,NA,NA,NA,NA,NA,NA,NA,NA,NA,NA,NA,NA,NA,NA,NA,NA,NA,NA,NA,NA,NA,NA,NA,NA,NA,NA,NA,NA,NA,NA,NA,NA,NA,NA,NA
86,C26,EstCaliforniensis,Estuary,N. californiensis,10.2,0.153,1.014,0.150887574,0.396,0.014792899,0.390532544,0.038287504,1.75,126.111,179.885,0.371,NA,NA,NA,NA,NA,NA,NA,NA,NA,NA,NA,NA,NA,NA,NA,NA,NA,NA,NA,NA,NA,NA,NA,NA,NA,NA,NA,NA,NA,NA,NA,NA,NA,5.463,2.418,2.642,6.955,0.943,0.808,2.677,0.535588235,0.237058824,0.259019608,0.681862745,0.09245098,0.079215686,0.26245098,NA,NA,NA,NA,NA,NA,NA,NA,NA,NA,NA,NA,NA,NA
87,C29,EstCaliforniensis,Estuary,N. californiensis,7.2,0.099,0.85,0.116470588,0.329,0.016176471,0.387058824,0.05375817,0.99,148.585,160.483,0.259,NA,NA,NA,NA,NA,NA,NA,NA,NA,NA,NA,NA,NA,NA,NA,NA,NA,0.751,0.724,2.805,1.983,0.219,3.135,37.361,NA,NA,1.037292818,0.389583333,0.275416667,0.030416667,NA,NA,0.144068447,3.692,1.682,1.989,4.564,0.759,0.634,1.455,0.512777778,0.233611111,0.27625,0.633888889,0.105416667,0.088055556,0.202083333,NA,NA,NA,NA,NA,NA,NA,NA,NA,NA,NA,NA,NA,NA
88,C30,EstCaliforniensis,Estuary,N. californiensis,8.3,0.114,0.995,0.114572864,0.365,0.01380396,0.366834171,0.044196888,1.372,132.148,151.902,0.289,NA,NA,NA,NA,NA,NA,NA,NA,NA,NA,NA,NA,NA,NA,NA,NA,NA,NA,NA,NA,NA,NA,NA,NA,NA,NA,NA,NA,NA,NA,NA,NA,NA,4.809,1.877,2.107,5.501,0.714,0.833,1.633,0.57939759,0.226144578,0.253855422,0.662771084,0.086024096,0.100361446,0.196746988,NA,NA,NA,NA,NA,NA,NA,NA,NA,NA,NA,NA,NA,NA
89,C80,EstCaliforniensis,Estuary,N. californiensis,15.03,0.227,1.363,0.166544387,0.452,0.011084485,0.331621423,0.022071309,2.668,140.296,174.82,0.468,NA,NA,NA,NA,NA,NA,NA,NA,NA,NA,NA,NA,NA,NA,NA,NA,NA,1.561,1.24,4.336,2.908,0.461,5.7,41.462,NA,NA,1.258870968,0.288585691,0.193544093,0.030682196,NA,NA,0.083785089,10.619,5.155,6.341,14.347,2.42,2.15,5.511,0.706755408,0.343094842,0.42202995,0.954875208,0.161064892,0.143094842,0.366788686,5.459,3.222,3.003,1.112,2.872,5.379,2.476,0.363327787,0.214442596,0.199866889,0.074009983,0.191148087,0.358003328,0.164792013
90,C6,EstCaliforniensis,Estuary,N. californiensis,8.94,0.146,0.97,0.150515464,0.42,0.016843718,0.432989691,0.048454531,1.289,143.795,165.29,0.454,NA,NA,NA,NA,NA,NA,NA,NA,NA,NA,NA,NA,NA,NA,NA,NA,NA,0.934,0.668,2.427,1.499,0.265,3.166,48.524,NA,NA,1.398203593,0.27159803,0.167748433,0.029655327,NA,NA,0.156468621,NA,NA,NA,NA,NA,NA,NA,NA,NA,NA,NA,NA,NA,NA,3.208,1.647,1.3,0.695,1.553,2.743,1.281,0.358997314,0.184310654,0.145478962,0.077775291,0.173791406,0.306960609,0.143352731
91,C82,EstCaliforniensis,Estuary,N. californiensis,13.09,0.126,1.165,0.108154506,0.366,0.008261114,0.31416309,0.02399657,2.412,130.358,174.422,0.492,NA,NA,NA,NA,NA,NA,NA,NA,NA,NA,NA,NA,NA,NA,NA,NA,NA,1.045,1.007,3.877,2.287,0.521,5.014,46.374,NA,NA,1.037735849,0.296135044,0.174686832,0.039795295,NA,NA,0.079264883,NA,NA,NA,NA,NA,NA,NA,NA,NA,NA,NA,NA,NA,NA,5.061,2.68,1.856,1.022,2.549,4.812,2.192,0.386571952,0.204705163,0.141765964,0.078062939,0.194699053,0.367552704,0.167430492
92,C23,EstCaliforniensis,Estuary,N. californiensis,10.09,0.164826087,1.01373913,0.167063217,0.423294118,0.018747425,0.428355251,0.045946272,1.731347826,131.0242174,168.0791818,0.407173913,NA,NA,NA,NA,NA,NA,NA,NA,NA,NA,NA,NA,NA,NA,NA,NA,NA,NA,NA,NA,NA,NA,NA,NA,NA,NA,NA,NA,NA,NA,NA,NA,NA,NA,NA,NA,NA,NA,NA,NA,NA,NA,NA,NA,NA,NA,NA,NA,NA,NA,NA,NA,NA,NA,NA,NA,NA,NA,NA,NA,NA
